,index,ID,Date,HS time,phenotype,number,freq,total,suppressors
0,0,A-7-3.3,7/21/17,15,L,aaaaaaaaaaa,0,11,0
1,1,A-7-3.1,7/21/17,15,L,sssaaaaa,0.375,8,3
2,2,PS7244,7/22/17,15,L,aaaaaaaaaaaaaaaaa,0,17,0
3,3,A-10-3a,7/22/17,15,L,aaaaaaaaaaaaaaaaas,0.055555556,18,1
4,4,A-10-2a,7/22/17,15,L,aaaaaaaaaaaa,0,12,0
5,5,A-10-3b,7/22/17,15,L,aaaaaaaaaaaaaaaaaaaaa,0,21,0
6,6,A-35-2a,7/22/17,15,L,aaaaaaaaaaaaaaaaaaa,0,19,0
7,7,A-35-2b,7/22/17,15,L,aaaaaaaaaaaaaaa,0,15,0
8,8,A-35-2c,7/22/17,15,L,aaaaaaaaaaaaaaa,0,15,0
9,9,A-34-2b,7/22/17,15,L,ssaaaaaaaaaasaaas,0.235294118,17,4
10,10,A-34-1a,7/22/17,15,L,asaaaaas,0.25,8,2
11,11,A-34-1c,7/22/17,15,L,asaaaaaaas,0.2,10,2
12,12,PS7244,7/22/17,15,L,aaaaaaaaaa,0,10,0
13,13,A-13-3b,7/22/17,15,L,aaaaaaaaaaaa,0,12,0
14,14,A-13-3a,7/22/17,15,L,asasasaaaa,0.3,10,3
15,15,A-13-3c,7/22/17,15,L,aaaaaaaaaa,0,10,0
16,16,A-26-3a,7/22/17,15,L,aaaaaaaaaaaaaa2,0,14,0
17,17,A-26-3c,7/22/17,15,L,aaaaaaaaaaaaaaa,0,15,0
18,18,A-26-3b,7/22/17,15,L,aaaaaaaaaaaaaaaaaaaaa,0,21,0
19,19,A-23-2b,7/22/17,15,L,aaaaasaa,0.125,8,1
20,20,A-23-2c,7/22/17,15,L,aaaaaaaaaaaaaa1,0,14,0
21,21,A-23-2a,7/22/17,15,L,aaaaa,0,5,0
22,22,PS7244,7/22/17,30,L,aaaaaaaasaaa,0.083333333,12,1
23,23,A32-1b,7/22/17,30,L,aaaaaaaaaaaasaaaa,0.058823529,17,1
24,24,A-32-1a,7/22/17,30,L,aaaaaaaaassaa,0.153846154,13,2
25,25,A-32-1c,7/22/17,30,L,aaaaaaaaaaaaaaaaaaaaa,0,21,0
26,26,PS7244,7/22/17,15,L,aaaaaaaaaaaaa,0,13,0
27,27,PS5961,7/22/17,15,L,ssaaasa,0.428571429,7,3
28,28,A-6-2-1,7/22/17,15,L,sssassaaassasss,0.666666667,15,10
29,29,A-24-2b,7/22/17,15,L,aaaaaaaaaaaaa,0,13,0
30,30,A-24-2a,7/22/17,15,L,aaaaaaaaaaaaasa,0.066666667,15,1
31,31,A-6-1a,7/22/17,15,L,aaaaasasssasassa,0.4375,16,7
32,32,A-6-2b,7/22/17,15,L,aaaaaaaaaaaaaaaaaaa,0,19,0
33,33,A-6-2a,7/22/17,15,L,aaaaaaaaaaassa,0.142857143,14,2
34,34,PS7244,7/22/17,30,L,aaaaaaaaa,0,9,0
35,35,A-14-2-2,7/22/17,30,L,aaaaaaaaaaaaaaa,0,15,0
36,36,A-14-3-3,7/22/17,30,L,aaaaaaaaaaaaa,0,13,0
37,37,A-14-3-2,7/22/17,30,L,AAAAAAAAAAA,0,11,0
38,38,A-3-2a,7/22/17,30,L,aaaaaaaa,0,8,0
39,39,A-3-2c,7/22/17,30,L,aaaaaa,0,6,0
40,40,PS7244,7/22/17,15,L,aaaaaaa,0,7,0
41,41,A-23-3-3,7/22/17,15,L,aaaaaa,0,6,0
42,42,A-23-2-3,7/22/17,15,L,aaaaa,0,5,0
43,43,A-24-2-2,7/22/17,15,L,saaaaaasasss,0.416666667,12,5
44,44,A-19-3-3,7/22/17,15,L,aaaaaaaaaaa,0,11,0
45,45,A-19-3-1,7/22/17,15,L,aaaaaaaaaaaaaa,0,14,0
46,46,A-9-3-2,7/22/17,15,L,aaaaaaaaaaaaaaaaa,0,17,0
47,47,A-3-1-1,7/22/17,15,L,aaaaaa,0,6,0
48,48,A-10-1-1,7/23/17,15,L,aaaaaaaaaaaaaaaaa,0,17,0
49,49,A-35-2b,7/23/17,15,L,saasss,0.666666667,6,4
50,50,A-1-2-2,7/23/17,15,L,saaaaaaaaasaa,0.153846154,13,2
51,51,A-5-3-1,7/23/17,15,L,aaaaaaa,0,7,0
52,52,A-9-1-3,7/23/17,15,L,saaaaaaa4,0.111111111,8,1
53,53,A-12-1-2,7/23/17,15,L,aaaaaaaaaaaaaaaaaaaaaa,0,22,0
54,54,A-12-1-1,7/23/17,15,L,aaaaaaaaaaaaaaaaaaa,0,19,0
55,55,A-23-2-1,7/23/17,15,L,aaaaaaa,0,7,0
56,56,PS7244,7/23/17,30,L,aaaaaaa,0,7,0
57,57,A-14-2-3,7/23/17,30,L,aaaaaaaaaa,0,10,0
58,58,PS7244,7/23/17,15,L,aaaaaaaa,0,8,0
59,59,PS7244/PS5970,7/23/17,15,L,aaaaaaaaaaaaaaaa,0,16,0
60,60,PS7244/+,7/23/17,15,L,aaaaaaaaaaaa,0,12,0
61,61,A9-1-1-1,7/23/17,15,L,ssaaaaaaaaaaaaaa,0.125,16,2
62,62,PS5970/A9-1-1-1,7/23/17,15,L,aaaaaaaaaa3,0,10,0
63,63,PS5970/A9-1-1-1 (M),7/23/17,15,L,ssasssas,0.75,8,6
64,64,PS5970 (M),7/23/17,15,L,ssssssss,1,8,8
65,65,PS5970,7/23/17,15,L,aaaaaaaaaaa,0,11,0
66,66,A-1-2-1,7/23/17,15,L,saaaaaaa,0.125,8,1
67,67,A-35-2c,7/23/17,15,L,ssssssssssss,1,12,12
68,68,A-30-3c,7/23/17,15,L,aaaaaaaaaaaaaaa,0,15,0
69,69,PS7244,7/24/17,15,L,aaaaaaaaaaaaa,0,13,0
70,70,PS5869,7/24/17,15,L,sssaasaaassssaa,0.533333333,15,8
71,71,A-10-2c,7/24/17,15,L,aaaaaaaa,0,8,0
72,72,A-30-3c,7/24/17,15,L,aaaaaaaaa,0,9,0
73,73,A-1-3A,7/24/17,15,L,saaaaasaa,0.222222222,9,2
74,74,A-17-1-2,7/24/17,15,L,aaaaaaaaa,0,9,0
75,75,A-17-1-3,7/24/17,15,L,asaaaaaas,0.222222222,9,2
76,76,A-30-3a,7/24/17,15,L,aaaaaaaaaaa,0,11,0
77,77,A-7-3-2,7/24/17,15,L,ssaass,0.666666667,6,4
78,78,A-7-2-1,7/24/17,30,L,aaaaaaaaaa,0,10,0
79,79,A-31-3c,7/24/17,30,L,aaaaaa,0,6,0
80,80,A-31-3a,7/24/17,30,L,aaaaa,0,5,0
81,81,A-7-1a,7/24/17,30,L,aaaaa,0,5,0
82,82,A-31-3b,7/24/17,30,L,aaaaaaaaaaa,0,11,0
83,83,PS7244,7/24/17,15,L,aaaaaaa,0,7,0
84,84,A-15-3c,7/24/17,15,L,aaaaaaa,0,7,0
85,85,A-15-3b,7/24/17,15,L,aaaaaaa,0,7,0
86,86,A-21-2,7/24/17,15,L,aaaaaaa,0,7,0
87,87,PS7244,7/29/17,30,L,aaaaaaaaaaaaaaaaa,0,17,0
88,88,A-3-2a/PS5689 (M),7/29/17,30,L,ssssssss,1,8,8
89,89,A-3-2a/PS5689 ,7/29/17,30,L,aaaaaaaaa,0,9,0
90,90,A-3-2a,7/29/17,30,L,saasasaaaaaaaaaa,0.1875,16,3
91,91,A-3-2a/PS5970,7/29/17,30,L,aaaaaaaaaaaaaaaaa,0,17,0
92,92,A-3-2a/PS5970 (M),7/29/17,30,L,ssssss,1,6,6
93,93,A-3-2a/PS56961,7/29/17,30,L,aaaaaaaaaaa,0,11,0
94,94,A-3-2a/PS56961 (M),7/29/17,30,L,ssssssss,1,8,8
95,95,PS7244/PS5961,7/29/17,30,L,aaaaaaaaa,0,9,0
96,96,PS7244/PS5689,7/29/17,30,L,aaaaas,0.166666667,6,1
97,97,PS7244/PS5689 (M),7/29/17,30,L,s,1,1,1
98,98,PS7244,7/29/17,15,L,asaaaaaaaaas,0.166666667,12,2
99,99,PS7244/PS5961 (M),7/29/17,15,L,aaaaaaaaa,0,9,0
100,100,PS7244/PS5961,7/29/17,15,L,sssss,1,5,5
101,101,PS7244/PS5689,7/29/17,15,L,aaaaa,0,5,0
102,102,PS7244/PS5689 (M),7/29/17,15,L,assssasa,0.625,8,5
103,103,A-9-1-1,7/29/17,15,L,aaaaaaaaaaasas,0.142857143,14,2
104,104,A-9-1-1/PS5689,7/29/17,15,L,aaaaaaaaaa,0,10,0
105,105,A-9-1-1/PS5689 (M),7/29/17,15,L,ssaass,0.666666667,6,4
106,106,A-12-1-1,7/29/17,15,L,aaaaaaaaaaaaaaaaaaa,0,19,0
107,107,A-12-1-1/PS5970,7/29/17,15,L,asaaaaaasaaa,0.166666667,12,2
108,108,A-12-1-1/PS597-0 (M),7/29/17,15,L,sssssssa,0.875,8,7
109,109,A-12-1-1/PS5689,7/29/17,15,L,aaaaaasaa,0.111111111,9,1
110,110,A-12-1-1/PS5689 (M),7/29/17,15,L,ssssss,1,6,6
111,111,A-12-1-1/PS5961,7/29/17,15,L,aaaaaaa,0,7,0
112,112,A-12-1-1/PS5961 (M),7/29/17,15,L,sssssssss,1,9,9
113,113,A-6-2-1,7/29/17,15,L,asssasssaaasss,0.642857143,14,9
114,114,A-6-2-1/PS5970,7/29/17,15,L,aaaaaaa,0,7,0
115,115,A-6-2-1/PS5970 (M),7/29/17,15,L,ssassss,0.857142857,7,6
116,116,A-6-2-1/PS5689,7/29/17,15,L,aasaaaaa,0.125,8,1
117,117,A-6-2-1/PS5689 (M),7/29/17,15,L,sssssssss,1,9,9
118,118,A-6-2-1/PS5961,7/29/17,15,L,saasas3,0.428571429,6,3
119,119,A-6-2-1/PS5961 (M),7/29/17,15,L,ssssas,0.833333333,6,5
120,120,PS7244,7/29/17,15,L,aaaaaaaaaaa,0,11,0
121,121,A-7-3-3,7/29/17,15,L,aaaaaasaa,0.111111111,9,1
122,122,A-7-3-3/PS5970,7/29/17,15,L,aaaaaaa,0,7,0
123,123,A-7-3-3/PS5970 (M),7/29/17,15,L,sssssss,1,7,7
124,124,A-7-3-3/PS5961,7/29/17,15,L,aaaaaaaaa,0,9,0
125,125,A-7-3-3/PS5961 (M),7/29/17,15,L,saasssasss,0.7,10,7
126,126,A-7-3-3/PS5689,7/29/17,15,L,aaaaaaa,0,7,0
127,127,A-7-3-3/PS5689 (M),7/29/17,15,L,aaassaa,0.285714286,7,2
128,128,PS7244,7/29/17,15,L,aaaaaasaaaaaa,0.076923077,13,1
129,129,A-13-3c,7/29/17,15,L,aaaaaaaaaaaaa,0,13,0
130,130,A-13-3c/PS5970,7/29/17,15,L,aaaaaa,0,6,0
131,131,A-13-3c/PS5970 (M),7/29/17,15,L,asssasss,0.75,8,6
132,132,A-13-3c/PS5961,7/29/17,15,L,saaaaaaaaaa,0.090909091,11,1
133,133,A-13-3c/PS5961 (M),7/29/17,15,L,saaasa,0.333333333,6,2
134,134,A-13-3c/PS5689,7/29/17,15,L,aaaaaaaaaaaaa,0,13,0
135,135,A-13-3c/PS5689 (M),7/29/17,15,L,aaaaa,0,5,0
136,136,PS7244,7/29/17,15,L,aaaaaaassa,0.2,10,2
137,137,A-23-2-3,7/29/17,15,L,aaaaaasaaaaaaaa,0.066666667,15,1
138,138,A-23-2-3/PS5970,7/29/17,15,L,aaaaaaaaaa,0,10,0
139,139,A-23-2-3/PS5970 (M),7/29/17,15,L,aaaaa,0,5,0
140,140,A-23-2-3/PS5961,7/29/17,15,L,aaaaaaa,0,7,0
141,141,A-23-2-3/PS5961 (M),7/29/17,15,L,aaaa,0,4,0
142,142,A-23-2-3/PS5689,7/29/17,15,L,aaaa,0,4,0
143,143,A-23-2-3/PS5689 (M),7/29/17,15,L,aaaa,0,4,0
144,144,A-35-2c,7/30/17,15,L,ssssssaasaaass,0.642857143,14,9
145,145,A-35-2c/PS5689,7/30/17,15,L,asasaaa,0.285714286,7,2
146,146,A-35-2c/PS5689 (M),7/30/17,15,L,ssassssssasss,0.846153846,13,11
147,147,A-35-2c/PS5961,7/30/17,15,L,aaaaaa,0,6,0
148,148,A-35-2c/PS5961 (M),7/30/17,15,L,ss,1,2,2
149,149,A-35-2c/PS5970,7/30/17,15,L,aaaaaa,0,6,0
150,150,A-35-2c/PS5970 (M),7/30/17,15,L,saasas,0.5,6,3
151,151,PS7244,7/30/17,15,L,aaaaaaaaaaaaaaa,0,15,0
152,152,PS7244,7/30/17,15,L,aaaasaaa,0.125,8,1
153,153,A-34-1c,7/30/17,15,L,aaaaaaaaa,0,9,0
154,154,A-34-1c/PS5689,7/30/17,15,L,aasaaaaas,0.222222222,9,2
155,155,A-34-1c/PS5689 (M),7/30/17,15,L,sssass,0.833333333,6,5
156,156,A-34-1c/PS5961,7/30/17,15,L,aaaaaasaaaa,0.090909091,11,1
157,157,A-34-1c/PS5961 (M),7/30/17,15,L,ssssssss,1,8,8
158,158,A-34-1c/PS5970,7/30/17,15,L,aaaaaaaaaaa,0,11,0
159,159,A-34-1c/PS5970 (M),7/30/17,15,L,sassaassss,0.7,10,7
160,160,PS7244,7/30/17,30,L,aaaaaaaaaaa,0,11,0
161,161,A-14-2-2,7/30/17,30,L,aaasaaaaasassaaa,0.25,16,4
162,162,A-14-2-2/PS5970,7/30/17,30,L,aaaaaaaaaa,0,10,0
163,163,A-14-2-2/PS5970 (M),7/30/17,30,L,assas,0.6,5,3
164,164,A-14-2-2/PS5961,7/30/17,30,L,aaaaasaa,0.125,8,1
165,165,A-14-2-2/PS5961 (M),7/30/17,30,L,sassaasasaa,0.454545455,11,5
166,166,A-14-2-2/PS5689,7/30/17,30,L,aaaaaa,0,6,0
167,167,A-14-2-2/PS5689 (M),7/30/17,30,L,assssssassa,0.727272727,11,8
168,168,PS7244,7/30/17,30,L,saaaaaaaaaasa,0.153846154,13,2
169,169,A-14-3-3/PS5970,7/30/17,30,L,aaaaaaaaa,0,9,0
170,170,A-14-3-3/PS5970 (M),7/30/17,30,L,ssssasssa,0.777777778,9,7
171,171,A-14-3-3/PS5961,7/30/17,30,L,aaasaa,0.166666667,6,1
172,172,A-14-3-3/PS5961 (M),7/30/17,30,L,sssssssaass,0.818181818,11,9
173,173,A-14-3-3/PS5689,7/30/17,30,L,saaaaaaaaa,0.1,10,1
174,174,A-14-3-3/PS5689 (M),7/30/17,30,L,ssassasssas,0.727272727,11,8
175,175,A-17-1-3,7/31/17,15,L,aasassasaaass,0.461538462,13,6
176,176,A-17-1-3/PS5970,7/31/17,15,L,aaasaaa,0.142857143,7,1
177,177,A-17-1-3/PS5970 (M),7/31/17,15,L,sssass,0.833333333,6,5
178,178,A-17-1-3/PS5961,7/31/17,15,L,aaaaaa,0,6,0
179,179,A-17-1-3/PS5961 (M),7/31/17,15,L,ssasssa,0.714285714,7,5
180,180,A-17-1-3/PS5689,7/31/17,15,L,aaaaaa,0,6,0
181,181,A-17-1-3/PS5689 (M),7/31/17,15,L,aaasaaa,0.142857143,7,1
182,182,A-19-1-3,8/4/17,15,L,aaaaaaaaaaa,0,11,0
183,183,A-19-1-3/PS5970,8/4/17,15,L,aaaaaaaaaaaaaas,0.066666667,15,1
184,184,A-19-1-3/PS5970 (M),8/4/17,15,L,asassa,0.5,6,3
185,185,A-19-1-3/PS5961,8/4/17,15,L,aaaaaaaaa,0,9,0
186,186,A-19-1-3PS5961 (M),8/4/17,15,L,assaassasa,0.5,10,5
187,187,A-19-1-3/PS5689,8/4/17,15,L,aaaaaaa,0,7,0
188,188,A-19-1-3/PS5689 (M),8/4/17,15,L,sssasassss,0.8,10,8
189,190,A-9-1-1/PS5961,8/4/17,15,L,aaaaaaaaaaaa,0,12,0
190,191,A-9-1-1/PS5961 (M),8/4/17,15,L,aass,0.5,4,2
191,192,A-23-2-3,8/4/17,15,L,aaaaaaaaaaaaaaaaaaa,0,19,0
192,193,A-23-2-3/A-13-3c,8/4/17,15,L,aaaaaaaas,0.111111111,9,1
193,194,A-23-2-3/A-13-3c (M),8/4/17,15,L,aaaaaasa,0.125,8,1
194,195,A-7-2-1,8/5/17,15,L,aaaaaaaaaaaaas,0.071428571,14,1
195,196,A-7-2-1/PS5970,8/5/17,15,L,aaasaaaa,0.125,8,1
196,197,A-7-2-1/PS5970 (M),8/5/17,15,L,ssaass,0.666666667,6,4
197,198,A-7-2-1/PS5961,8/5/17,15,L,aaaaa,0,5,0
198,199,A-7-2-1/PS5961 (M),8/5/17,15,L,aaasaaaa,0.125,8,1
199,200,A-7-2-1/PS5689,8/5/17,15,L,aaaaaaaas,0.111111111,9,1
200,201,A-7-2-1/PS5689 (M),8/5/17,15,L,sssas,0.8,5,4
201,202,A-12-1-1,8/5/17,15,L,aaaaaaaaaaaa,0,12,0
202,203,A-14-2-2,8/5/17,15,L,saaasaaa,0.25,8,2
203,204,A-14-2-2/A-12-1-1 (M),8/5/17,15,L,aaaasaaa,0.125,8,1
204,205,A-14-2-2/A-12-1-1,8/5/17,15,L,aassaaa,0.285714286,7,2
205,206,A-14-3-3/A12-1-1,8/5/17,15,L,asaass,0.5,6,3
206,207,A-14-3-3/A12-1-1 (M),8/5/17,15,L,ass,0.666666667,3,2
207,209,A-23-2-3,8/7/17,15,L,aaaaaaaaaaaaaaaaaaaaaaaaa,0,25,0
208,210,EG8040,8/7/17,15,L,asassssaasssasasssassasssasssssa,0.6875,32,22
209,211,EG8040/A23-2-3,8/7/17,15,L,40 non suppressors,0.222222222,4,4
210,212,EG8040/A17-1-3,8/8/17,15,L,32,0,0,0
211,213,A-13-3c,8/8/17,15,L,aaaaaa,0,6,0
212,214,EG8040/A-13-3c,8/8/17,15,L,33 non suppesoors,0.176470588,3,3
213,215,A-12-1-1,8/8/17,15,L,saaaaaaaaaaaa,0.076923077,13,1
214,216,EG8040/A-12-1-1,8/8/17,15,L,36 NS,0.2,1,1
215,217,A-19-1-3,8/8/17,15,L,ssaaasaaasaaasaassasaaasasa,0.37037037,27,10
216,218,EG8040/A-10-1-3,8/8/17,15,L,17 NS,0.2,1,1
217,219,A-9-1-1,8/11/17,15,L,aaaasssaasaasa,0.357142857,14,5
218,220,EG8040/A-9-1-1,8/11/17,15,L,35 NS ,0.166666667,1,1
219,221,A-13-3c,8/12/17,15,L,aaaaaaaaaaaaaaaaaaaaaaaaaaaaaaa,0,31,0
220,222,A-13-3c,8/12/17,15,L,aaaaaaaaaaaaaaaaaaaaaaaaaaaaaaa,0,31,0
221,223,A-19-1-3,8/12/17,15,L,aaaaaaaaaaaaaaaaaaaaaaaaaaaaaaa,0,31,0
222,224,A-19-1-3,8/12/17,15,L,aasasaaaaaaaaaaaaaaaaaasass,0.185185185,27,5
223,225,A-12-1-1,8/12/17,15,L,aaaaaaaaaaaaaaaaaaaaa,0,21,0
224,226,A-12-1-1,8/12/17,15,L,aaaaaaaaaaaaaaaa,0,16,0
225,227,A-19-1-3,8/14/17,1/15/00,L,aaaaaaaaaaaaaaaaaaaa,0,20,0
226,228,A-19-1-3,8/14/17,1/15/00,L,aassasaaaaaas,0.307692308,13,4
227,229,A-7-3.3,7/21/17,15,P,aaaaaaaaaaa,0,11,0
228,230,A-7-3.1,7/21/17,15,P,aaaaaaaa,0,8,0
229,231,PS7244,7/22/17,15,P,aaaaaaaaaaaaaaa,0,15,0
230,232,A-10-3a,7/22/17,15,P,aaaaaaaaaaaa,0,12,0
231,233,A-10-2a,7/22/17,15,P,aaaaaaaaaaaa,0,12,0
232,234,A-10-3b,7/22/17,15,P,aaaaaaaaaaaaa,0,13,0
233,235,A-35-2a,7/22/17,15,P,aaaaaaaaaaaaaaaa,0,16,0
234,236,A-35-2b,7/22/17,15,P,aaaaaaaaaa,0,10,0
235,237,A-35-2c,7/22/17,15,P,aaaaaaaaaaa,0,11,0
236,238,A-34-2b,7/22/17,15,P,aaaaaaaaaaaa,0,12,0
237,239,A-34-1a,7/22/17,15,P,aaaaaa,0,6,0
238,240,A-34-1c,7/22/17,15,P,aaaaaae,0,6,0
239,241,PS7244,7/22/17,15,P,aaaaaaa,0,7,0
240,242,A-13-3b,7/22/17,15,P,aaaaaaasaaaa,0.083333333,12,1
241,243,A-13-3a,7/22/17,15,P,ssaasaaaaassssssss,0.611111111,18,11
242,244,A-13-3c,7/22/17,15,P,aasaaasasss,0.454545455,11,5
243,245,A-26-3a,7/22/17,15,P,aaaaaaaaaaa,0,11,0
244,246,A-26-3c,7/22/17,15,P,aaaaaaaaaaaa,0,12,0
245,247,A-26-3b,7/22/17,15,P,aaaaaaaaaaaaa,0,13,0
246,248,A-23-2b,7/22/17,15,P,aasasaaaa,0.222222222,9,2
247,249,A-23-2c,7/22/17,15,P,aasaaaaaaass,0.25,12,3
248,250,A-23-2a,7/22/17,15,P,saasasa,0.428571429,7,3
249,251,PS7244,7/22/17,30,P,aaaaaaaaaaaa,0,12,0
250,252,A32-1b,7/22/17,30,P,aaaaaaaaaaaaaaaa,0,16,0
251,253,A-32-1a,7/22/17,30,P,aaaaaaaaa,0,9,0
252,254,A-32-1c,7/22/17,30,P,aaaaaaaaaaaaaaaaaa,0,18,0
253,255,PS7244,7/22/17,15,P,aaaaaaaaaa,0,10,0
254,256,PS5961,7/22/17,15,P,sssssss,1,7,7
255,257,A-6-2-1,7/22/17,15,P,ssssssssssss,1,12,12
256,258,A-24-2b,7/22/17,15,P,aaaaaaaaaa,0,10,0
257,259,A-24-2a,7/22/17,15,P,aaaaaaaaaaaaaaaaa,0,17,0
258,260,A-6-1a,7/22/17,15,P,ssssssssssssssss,1,16,16
259,261,A-6-2b,7/22/17,15,P,aaaaaaaaaaaaaaaaa,0,17,0
260,262,A-6-2a,7/22/17,15,P,ssssssssaassss,0.857142857,14,12
261,263,PS7244,7/22/17,30,P,aaaaaaa2,0,7,0
262,264,A-14-2-2,7/22/17,30,P,sasasssaasa,0.545454545,11,6
263,265,A-14-3-3,7/22/17,30,P,sssssssss2,0.9,9,9
264,266,A-14-3-2,7/22/17,30,P,asssssaaa,0.555555556,9,5
265,267,A-3-2a,7/22/17,30,P,sssssssssss,1,11,11
266,268,A-3-2c,7/22/17,30,P,ssssssssss,1,10,10
267,269,PS7244,7/22/17,15,P,aaaaaaaaa5,0,9,0
268,270,A-23-3-3,7/22/17,15,P,aaaaaaaaa4,0,9,0
269,271,A-23-2-3,7/22/17,15,P,sssaas,0.666666667,6,4
270,272,A-24-2-2,7/22/17,15,P,ssssssssssas,0.916666667,12,11
271,273,A-19-3-3,7/22/17,15,P,aaaaasasas,0.3,10,3
272,274,A-19-3-1,7/22/17,15,P,sssssssasasss,0.846153846,13,11
273,275,A-9-3-2,7/22/17,15,P,aaaaaaaaaaaaaaaa,0,16,0
274,276,A-3-1-1,7/22/17,15,P,aaaa,0,4,0
275,277,A-10-1-1,7/23/17,15,P,aaaaaaaa,0,8,0
276,278,A-35-2b,7/23/17,15,P,ssssss,1,6,6
277,279,A-1-2-2,7/23/17,15,P,aaaaaaaaaa,0,10,0
278,280,A-5-3-1,7/23/17,15,P,aaaaaaaaa,0,9,0
279,281,A-9-1-3,7/23/17,15,P,assssss,0.857142857,7,6
280,282,A-12-1-2,7/23/17,15,P,aaaaasssasas,0.416666667,12,5
281,283,A-12-1-1,7/23/17,15,P,aassssssssss,0.833333333,12,10
282,284,A-23-2-1,7/23/17,15,P,assssasas,0.666666667,9,6
283,285,PS7244,7/23/17,30,P,aaaaaaaa,0,8,0
284,286,A-14-2-3,7/23/17,30,P,sssssss,1,7,7
285,287,PS7244,7/23/17,15,P,aaaaaaaaa,0,9,0
286,288,PS7244/PS5970,7/23/17,15,P,aaaaaaaaaaaaaaaaa,0,17,0
287,289,PS7244/+,7/23/17,15,P,aaaaaaaaaaaa,0,12,0
288,290,A9-1-1-1,7/23/17,15,P,ssssssssssssss2,0.933333333,14,14
289,291,PS5970/A9-1-1-1,7/23/17,15,P,aaaaaaaaaa,0,10,0
290,292,PS5970/A9-1-1-1 (M),7/23/17,15,P,aasaaaaaaaaa,0.083333333,12,1
291,293,PS5970 (M),7/23/17,15,P,aaaaaaa,0,7,0
292,294,PS5970,7/23/17,15,P,aaaaaaaaaa,0,10,0
293,295,A-1-2-1,7/23/17,15,P,aaaaaa,0,6,0
294,296,A-35-2c,7/23/17,15,P,aassaa,0.333333333,6,2
295,297,A-30-3c,7/23/17,15,P,saaaaaaaa,0.111111111,9,1
296,298,PS7244,7/24/17,15,P,aaaaaaaaaaa,0,11,0
297,299,PS5869,7/24/17,15,P,ssssssssss,1,10,10
298,300,A-10-2c,7/24/17,15,P,saasaa,0.333333333,6,2
299,301,A-30-3c,7/24/17,15,P,aaaaaaaaa,0,9,0
300,302,A-1-3A,7/24/17,15,P,aaaaaaaaaa,0,10,0
301,303,A-17-1-2,7/24/17,15,P,aaassaasas,0.4,10,4
302,304,A-17-1-3,7/24/17,15,P,saasa,0.4,5,2
303,305,A-30-3a,7/24/17,15,P,aaaaaaa,0,7,0
304,306,A-7-3-2,7/24/17,15,P,aaaaaa,0,6,0
305,307,A-7-2-1,7/24/17,30,P,aaaaaaaaa,0,9,0
306,308,A-31-3c,7/24/17,30,P,aaaaaaa,0,7,0
307,309,A-31-3a,7/24/17,30,P,aaaa,0,4,0
308,310,A-7-1a,7/24/17,30,P,aaaaaaaa,0,8,0
309,311,A-31-3b,7/24/17,30,P,aaaaaaaaaaaaaaaa,0,16,0
310,312,PS7244,7/24/17,15,P,aaaaaaaa,0,8,0
311,313,A-15-3c,7/24/17,15,P,aaaaaaa,0,7,0
312,314,A-15-3b,7/24/17,15,P,aaaaaa,0,6,0
313,315,A-21-2,7/24/17,15,P,aaaaaaaaaa,0,10,0
314,316,PS7244,7/29/17,30,P,aaaaaaaaaaaa,0,12,0
315,317,A-3-2a/PS5689 (M),7/29/17,30,P,sasasss1,0.625,7,5
316,318,A-3-2a/PS5689 ,7/29/17,30,P,ssssssssssss,1,12,12
317,319,A-3-2a,7/29/17,30,P,sssasssssssss,0.923076923,13,12
318,320,A-3-2a/PS5970,7/29/17,30,P,aaaaaaaaaaa,0,11,0
319,321,A-3-2a/PS5970 (M),7/29/17,30,P,aaaaa,0,5,0
320,322,A-3-2a/PS56961,7/29/17,30,P,aaaaaaaaaaaa,0,12,0
321,323,A-3-2a/PS56961 (M),7/29/17,30,P,aaaaaaaaa,0,9,0
322,324,PS7244/PS5961,7/29/17,30,P,aaaaaa,0,6,0
323,325,PS7244/PS5689,7/29/17,30,P,aaaaa,0,5,0
324,326,PS7244/PS5689 (M),7/29/17,30,P,a,0,1,0
325,327,PS7244,7/29/17,15,P,aaaaaaaaaaaa,0,12,0
326,328,PS7244/PS5961 (M),7/29/17,15,P,aaaaaaaa,0,8,0
327,329,PS7244/PS5961,7/29/17,15,P,aaaa,0,4,0
328,330,PS7244/PS5689,7/29/17,15,P,aaaa,0,4,0
329,331,PS7244/PS5689 (M),7/29/17,15,P,aaaaaaaaaaaaaaa,0,15,0
330,332,A-9-1-1,7/29/17,15,P,sssssssssss,1,11,11
331,333,A-9-1-1/PS5689,7/29/17,15,P,aaaaaaaaaaa,0,11,0
332,334,A-9-1-1/PS5689 (M),7/29/17,15,P,aaaaa,0,5,0
333,335,A-12-1-1,7/29/17,15,P,aassssssassass,0.714285714,14,10
334,336,A-12-1-1/PS5970,7/29/17,15,P,aaaaaaaaa,0,9,0
335,337,A-12-1-1/PS597-0 (M),7/29/17,15,P,aaaaaaa,0,7,0
336,338,A-12-1-1/PS5689,7/29/17,15,P,aaaaaaaaaaaa,0,12,0
337,339,A-12-1-1/PS5689 (M),7/29/17,15,P,aaaaa,0,5,0
338,340,A-12-1-1/PS5961,7/29/17,15,P,aaaaaaa,0,7,0
339,341,A-12-1-1/PS5961 (M),7/29/17,15,P,aaaaaaa,0,7,0
340,342,A-6-2-1,7/29/17,15,P,sasssssssssss,0.923076923,13,12
341,343,A-6-2-1/PS5970,7/29/17,15,P,aaaa,0,4,0
342,344,A-6-2-1/PS5970 (M),7/29/17,15,P,aaaaaaaaa,0,9,0
343,345,A-6-2-1/PS5689,7/29/17,15,P,sssssss,1,7,7
344,346,A-6-2-1/PS5689 (M),7/29/17,15,P,ssssss,1,6,6
345,347,A-6-2-1/PS5961,7/29/17,15,P,aaaaaa,0,6,0
346,348,A-6-2-1/PS5961 (M),7/29/17,15,P,aaaaaaa,0,7,0
347,349,PS7244,7/29/17,15,P,aaaaaaaaa,0,9,0
348,350,A-7-3-3,7/29/17,15,P,aaaaaaaa,0,8,0
349,351,A-7-3-3/PS5970,7/29/17,15,P,aaaaaa,0,6,0
350,352,A-7-3-3/PS5970 (M),7/29/17,15,P,aaaaaa,0,6,0
351,353,A-7-3-3/PS5961,7/29/17,15,P,aaaaaa,0,6,0
352,354,A-7-3-3/PS5961 (M),7/29/17,15,P,aaaaaaaa,0,8,0
353,355,A-7-3-3/PS5689,7/29/17,15,P,aaaaaaa,0,7,0
354,356,A-7-3-3/PS5689 (M),7/29/17,15,P,aaaaaaa,0,7,0
355,357,PS7244,7/29/17,15,P,aaaaaaaa,0,8,0
356,358,A-13-3c,7/29/17,15,P,ssssssssssasssa,0.866666667,15,13
357,359,A-13-3c/PS5970,7/29/17,15,P,aaaaaaaaaaaa,0,12,0
358,360,A-13-3c/PS5970 (M),7/29/17,15,P,aaaaaa,0,6,0
359,361,A-13-3c/PS5961,7/29/17,15,P,aaaaaaaaaaaaa,0,13,0
360,362,A-13-3c/PS5961 (M),7/29/17,15,P,aaaaa,0,5,0
361,363,A-13-3c/PS5689,7/29/17,15,P,aaaaaaaaaaaa,0,12,0
362,364,A-13-3c/PS5689 (M),7/29/17,15,P,aaaaa,0,5,0
363,365,PS7244,7/29/17,15,P,aaaaaaa,0,7,0
364,366,A-23-2-3,7/29/17,15,P,ssasaasssssssssass,0.777777778,18,14
365,367,A-23-2-3/PS5970,7/29/17,15,P,aaaaaaaaaaaa,0,12,0
366,368,A-23-2-3/PS5970 (M),7/29/17,15,P,aaaa,0,4,0
367,369,A-23-2-3/PS5961,7/29/17,15,P,aaaaaaa,0,7,0
368,370,A-23-2-3/PS5961 (M),7/29/17,15,P,aaa,0,3,0
369,371,A-23-2-3/PS5689,7/29/17,15,P,aaa,0,3,0
370,372,A-23-2-3/PS5689 (M),7/29/17,15,P,aaa,0,3,0
371,373,A-35-2c,7/30/17,15,P,aaaas,0.2,5,1
372,374,A-35-2c/PS5689,7/30/17,15,P,aaaaaa,0,6,0
373,375,A-35-2c/PS5689 (M),7/30/17,15,P,aaaaaaaaa,0,9,0
374,376,A-35-2c/PS5961,7/30/17,15,P,aaaaaa,0,6,0
375,377,A-35-2c/PS5961 (M),7/30/17,15,P,aa,0,2,0
376,378,A-35-2c/PS5970,7/30/17,15,P,aaaaa,0,5,0
377,379,A-35-2c/PS5970 (M),7/30/17,15,P,aaaaa,0,5,0
378,380,PS7244,7/30/17,15,P,aaaaaaaaaaaaa,0,13,0
379,381,PS7244,7/30/17,15,P,aaaaaaaaa,0,9,0
380,382,A-34-1c,7/30/17,15,P,aaaaaaaaa,0,9,0
381,383,A-34-1c/PS5689,7/30/17,15,P,aaaa,0,4,0
382,384,A-34-1c/PS5689 (M),7/30/17,15,P,aaaaaa,0,6,0
383,385,A-34-1c/PS5961,7/30/17,15,P,aaaaaaaaaaa,0,11,0
384,386,A-34-1c/PS5961 (M),7/30/17,15,P,aaaaaaaaaaa,0,11,0
385,387,A-34-1c/PS5970,7/30/17,15,P,aaaaaaaaaaa,0,11,0
386,388,A-34-1c/PS5970 (M),7/30/17,15,P,aaaaaaaaaaa,0,11,0
387,389,PS7244,7/30/17,30,P,aaaaaaaa,0,8,0
388,390,A-14-2-2,7/30/17,30,P,ssssssasss,0.9,10,9
389,391,A-14-2-2/PS5970,7/30/17,30,P,aaaaaaaaa,0,9,0
390,392,A-14-2-2/PS5970 (M),7/30/17,30,P,aaaaa,0,5,0
391,393,A-14-2-2/PS5961,7/30/17,30,P,aaaaaaaaa,0,9,0
392,394,A-14-2-2/PS5961 (M),7/30/17,30,P,aaaaaaaa,0,8,0
393,395,A-14-2-2/PS5689,7/30/17,30,P,aaaaaaaaa,0,9,0
394,396,A-14-2-2/PS5689 (M),7/30/17,30,P,aaaaaaaaaa,0,10,0
395,397,PS7244,7/30/17,30,P,aaaaaaaaaaa,0,11,0
396,398,A-14-3-3/PS5970,7/30/17,30,P,aaaaaaaaa,0,9,0
397,399,A-14-3-3/PS5970 (M),7/30/17,30,P,aaaaaaaaa,0,9,0
398,400,A-14-3-3/PS5961,7/30/17,30,P,aaaaaa,0,6,0
399,401,A-14-3-3/PS5961 (M),7/30/17,30,P,aaaaaa,0,6,0
400,402,A-14-3-3/PS5689,7/30/17,30,P,aaaaaaaaaa,0,10,0
401,403,A-14-3-3/PS5689 (M),7/30/17,30,P,aaaaaaaaaa,0,10,0
402,404,A-17-1-3,7/31/17,15,P,sssasasassss,0.75,12,9
403,405,A-17-1-3/PS5970,7/31/17,15,P,aaaaa,0,5,0
404,406,A-17-1-3/PS5970 (M),7/31/17,15,P,aaaaaa,0,6,0
405,407,A-17-1-3/PS5961,7/31/17,15,P,aaaaa,0,5,0
406,408,A-17-1-3/PS5961 (M),7/31/17,15,P,aaaa,0,4,0
407,409,A-17-1-3/PS5689,7/31/17,15,P,aaaaaa,0,6,0
408,410,A-17-1-3/PS5689 (M),7/31/17,15,P,aaaaaaa,0,7,0
409,411,A-19-1-3,8/4/17,15,P,sasasaasas,0.5,10,5
410,412,A-19-1-3/PS5970,8/4/17,15,P,aaaaaaaaaaaaaas,0.066666667,15,1
411,413,A-19-1-3/PS5970 (M),8/4/17,15,P,aaaaaaaa,0,8,0
412,414,A-19-1-3/PS5961,8/4/17,15,P,aaaaaaaaa,0,9,0
413,415,A-19-1-3PS5961 (M),8/4/17,15,P,aaaaaaaaa,0,9,0
414,416,A-19-1-3/PS5689,8/4/17,15,P,aaaaaaa,0,7,0
415,417,A-19-1-3/PS5689 (M),8/4/17,15,P,asaaaaa,0.142857143,7,1
416,419,A-9-1-1/PS5961,8/4/17,15,P,aaaaaaaaaaaa,0,12,0
417,420,A-9-1-1/PS5961 (M),8/4/17,15,P,aaaa,0,4,0
418,421,A-23-2-3,8/4/17,15,P,asaaassasaassass,0.5,16,8
419,422,A-23-2-3/A-13-3c,8/4/17,15,P,aaaaaaaaaaaa,0,12,0
420,423,A-23-2-3/A-13-3c (M),8/4/17,15,P,aaaaaaaa,0,8,0
421,424,A-7-2-1,8/5/17,15,P,saaaassaaaaaa,0.230769231,13,3
422,425,A-7-2-1/PS5970,8/5/17,15,P,aaaaaaaa,0,8,0
423,426,A-7-2-1/PS5970 (M),8/5/17,15,P,aaaaa,0,5,0
424,427,A-7-2-1/PS5961,8/5/17,15,P,aaaaa,0,5,0
425,428,A-7-2-1/PS5961 (M),8/5/17,15,P,aaaaa,0,5,0
426,429,A-7-2-1/PS5689,8/5/17,15,P,aaaaaaaaa,0,9,0
427,430,A-7-2-1/PS5689 (M),8/5/17,15,P,aaaaa,0,5,0
428,431,A-12-1-1,8/5/17,15,P,ssssaassaasaaaasassssss,0.608695652,23,14
429,432,A-14-2-2,8/5/17,15,P,sssssssss,1,9,9
430,433,A-14-2-2/A-12-1-1 (M),8/5/17,15,P,aaaaAaaa,0,8,0
431,434,A-14-2-2/A-12-1-1,8/5/17,15,P,aaAAaaa,0,7,0
432,435,A-14-3-3/A12-1-1,8/5/17,15,P,aaaaaaaaaaaaa,0,13,0
433,436,A-14-3-3/A12-1-1 (M),8/5/17,15,P,aaaaa,0,5,0
434,438,A-23-2-3,8/7/17,15,P,aasaasssaasaaaaaa,0.294117647,17,5
435,439,EG8040,8/7/17,15,P,everyone is pumping,0.052631579,1,1
436,440,EG8040/A23-2-3,8/7/17,15,P,a,0,1,0
437,442,A-13-3c,8/8/17,15,P,saassssasasss,0.692307692,13,9
438,444,A-12-1-1,8/8/17,15,P,aasssssaaasaaaasssaaaas,0.434782609,23,10
439,446,A-19-1-3,8/8/17,15,P,ssssssassssasasssss,0.842105263,19,16
440,448,A-9-1-1,8/11/17,15,P,ssssssssssssssssssssssss,1,24,24
441,450,A-13-3c,8/12/17,15,P,aaaasaasaassaasssaassssaasasaassaassssa,0.487179487,39,19
442,451,A-13-3c,8/12/17,15,P,saaaasaasssssassasasas,0.545454545,22,12
443,452,A-19-1-3,8/12/17,15,P,aasassssssasassssssaasaa,0.625,24,15
444,453,A-19-1-3,8/12/17,15,P,aassssssaassaaasaaaasasaasa,0.444444444,27,12
445,454,A-12-1-1,8/12/17,15,P,ssaasasaaaaasassasassaaaasasa,0.413793103,29,12
446,455,A-12-1-1,8/12/17,15,P,saaaaaassaassaassassaassaas,0.444444444,27,12
447,456,A-19-1-3,8/14/17,1/15/00,P,sasssssssasaass,0.733333333,15,11
448,457,A-19-1-3,8/14/17,1/15/00,P,ssssssassssssss,0.933333333,15,14
449,458,A-7-3.3,7/21/17,15,DL,ssssssassssa,0.833333333,12,10
450,459,A-7-3.1,7/21/17,15,DL,ssssssassssa,0.833333333,12,10
451,460,PS7244,7/22/17,15,DL,asaaaaaaaaaaaaa,0.066666667,15,1
452,461,A-10-3a,7/22/17,15,DL,aaaaaaaaaaaaaaaaae,0,17,0
453,462,A-10-2a,7/22/17,15,DL,aaaaaaaaaaaa3,0,12,0
454,463,A-10-3b,7/22/17,15,DL,aaaaaaasaaaaaasa,0.125,16,2
455,464,A-35-2a,7/22/17,15,DL,ssaaasasaaaassaaaaa,0.315789474,19,6
456,465,A-35-2b,7/22/17,15,DL,aaaaaaaaaasaaaaaaaaaat,0.045454545,21,1
457,466,A-35-2c,7/22/17,15,DL,aaaaaaaaaaaaaaaaaaaaaaaaaaa,0,27,0
458,467,A-34-2b,7/22/17,15,DL,ssssssaaasaasaa,0.533333333,15,8
459,468,A-34-1a,7/22/17,15,DL,sssasas,0.714285714,7,5
460,469,A-34-1c,7/22/17,15,DL,assasaasaaasaa,0.357142857,14,5
461,470,PS7244,7/22/17,15,DL,aasaaaasaaaa,0.166666667,12,2
462,471,A-13-3b,7/22/17,15,DL,aaaasaaaaaaaaaaaa,0.058823529,17,1
463,472,A-13-3a,7/22/17,15,DL,saaassssassasss,0.666666667,15,10
464,473,A-13-3c,7/22/17,15,DL,AAAAAAAAAA,0,10,0
465,474,A-26-3a,7/22/17,15,DL,aaaaaaaaaa,0,10,0
466,475,A-26-3c,7/22/17,15,DL,aaaaaaaaaaa,0,11,0
467,476,A-26-3b,7/22/17,15,DL,AAAASAAAAAAAAASA,0.125,16,2
468,477,A-23-2b,7/22/17,15,DL,aaaaaa,0,6,0
469,478,A-23-2c,7/22/17,15,DL,aaaaaaaaaaaaaaaa1,0,16,0
470,479,A-23-2a,7/22/17,15,DL,aaaa,0,4,0
471,480,PS7244,7/22/17,30,DL,saaaassasssas,0.538461538,13,7
472,481,A32-1b,7/22/17,30,DL,aaaaaaaaaaaaaaa2,0,15,0
473,482,A-32-1a,7/22/17,30,DL,aaaaaaaaa,0,9,0
474,483,A-32-1c,7/22/17,30,DL,aaaaaaaaaaaa2,0,12,0
475,484,PS7244,7/22/17,15,DL,sssasaaaaasaa,0.384615385,13,5
476,485,PS5961,7/22/17,15,DL,ssssssss,1,8,8
477,486,A-6-2-1,7/22/17,15,DL,ssssssssssssssssass,0.947368421,19,18
478,487,A-24-2b,7/22/17,15,DL,saaaaaaaaa,0.1,10,1
479,488,A-24-2a,7/22/17,15,DL,saaasaaaaaaaaaaaaaasssa,0.217391304,23,5
480,489,A-6-1a,7/22/17,15,DL,sssssssssssssssss,1,17,17
481,490,A-6-2b,7/22/17,15,DL,sssaaaaasaaa,0.333333333,12,4
482,491,A-6-2a,7/22/17,15,DL,sasaaaaassas,0.416666667,12,5
483,498,PS7244,7/22/17,15,DL,assaaaa,0.285714286,7,2
484,499,A-23-3-3,7/22/17,15,DL,aaaaaa,0,6,0
485,500,A-23-2-3,7/22/17,15,DL,aaaaaa,0,6,0
486,502,A-19-3-3,7/22/17,15,DL,aaaaaaaaaaaaa,0,13,0
487,504,A-9-3-2,7/22/17,15,DL,aaaaaaaaaa,0,10,0
488,505,A-3-1-1,7/22/17,15,DL,aaaaaa,0,6,0
489,506,A-10-1-1,7/23/17,15,DL,saaaaaaaaa,0.1,10,1
490,508,A-1-2-2,7/23/17,15,DL,sssssaaass,0.7,10,7
491,509,A-5-3-1,7/23/17,15,DL,aaaaaaasa,0.111111111,9,1
492,511,A-12-1-2,7/23/17,15,DL,aaaaaaaaaaaaa,0,13,0
493,512,A-12-1-1,7/23/17,15,DL,aaaaaaaaaaaaaaa,0,15,0
494,513,A-23-2-1,7/23/17,15,DL,aaaaaaa,0,7,0
495,517,PS7244/PS5970,7/23/17,15,DL,aaaaaaaaaaaaa,0,13,0
496,518,PS7244/+,7/23/17,15,DL,aaaaaaaaa,0,9,0
497,519,A9-1-1-1,7/23/17,15,DL,aaaaaaaaaaaaaaaa,0,16,0
498,520,PS5970/A9-1-1-1,7/23/17,15,DL,aaaaaaaaaaaa,0,12,0
499,523,PS5970,7/23/17,15,DL,saaaaaaasa,0.2,10,2
500,524,A-1-2-1,7/23/17,15,DL,aaassa,0.333333333,6,2
501,526,A-30-3c,7/23/17,15,DL,aaaaaaaaaaaaa,0,13,0
502,527,PS7244,7/24/17,15,DL,aaaaaaaaaaaaa,0,13,0
503,528,PS5869,7/24/17,15,DL,saasassaaaasaaaaaa,0.277777778,18,5
504,529,A-10-2c,7/24/17,15,DL,aaaaaaa,0,7,0
505,530,A-30-3c,7/24/17,15,DL,aaaaaa,0,6,0
506,531,A-1-3A,7/24/17,15,DL,aaaaaa,0,6,0
507,532,A-17-1-2,7/24/17,15,DL,aaaaaaaaaa,0,10,0
508,533,A-17-1-3,7/24/17,15,DL,aassaaas,0.375,8,3
509,534,A-30-3a,7/24/17,15,DL,aaaaaaaaaaaaa,0,13,0
510,535,A-7-3-2,7/24/17,15,DL,ssssssss,1,8,8
511,536,A-7-2-1,7/24/17,30,DL,aaaaaaaaaa,0,10,0
512,537,A-31-3c,7/24/17,30,DL,aaaaa,0,5,0
513,538,A-31-3a,7/24/17,30,DL,aaaaaaaa,0,8,0
514,539,A-7-1a,7/24/17,30,DL,sssss,1,5,5
515,540,A-31-3b,7/24/17,30,DL,aaaaaaaaaa,0,10,0
516,541,PS7244,7/24/17,15,DL,aaaaaaaaaa,0,10,0
517,542,A-15-3c,7/24/17,15,DL,aaaaaaaaaa,0,10,0
518,543,A-15-3b,7/24/17,15,DL,aasaaaaaaaaaa,0.076923077,13,1
519,544,A-21-2,7/24/17,15,DL,aaassaa,0.285714286,7,2
520,545,PS7244,7/29/17,30,DL,saaaaaaaaasaaaaaa,0.117647059,17,2
521,546,A-3-2a/PS5689 (M),7/29/17,30,DL,ssssss,1,6,6
522,547,A-3-2a/PS5689 ,7/29/17,30,DL,ssssssasa,0.777777778,9,7
523,548,A-3-2a,7/29/17,30,DL,ssasssssssaa,0.75,12,9
524,549,A-3-2a/PS5970,7/29/17,30,DL,aaaaaaassaas,0.25,12,3
525,550,A-3-2a/PS5970 (M),7/29/17,30,DL,sssaas,0.666666667,6,4
526,551,A-3-2a/PS56961,7/29/17,30,DL,saaaaasasas,0.363636364,11,4
527,552,A-3-2a/PS56961 (M),7/29/17,30,DL,sssssssss,1,9,9
528,553,PS7244/PS5961,7/29/17,30,DL,aaaaaaa,0,7,0
529,554,PS7244/PS5689,7/29/17,30,DL,aaaaaa,0,6,0
530,555,PS7244/PS5689 (M),7/29/17,30,DL,s,1,1,1
531,556,PS7244,7/29/17,15,DL,aasaaasaaasaaaaaa,0.176470588,17,3
532,557,PS7244/PS5961 (M),7/29/17,15,DL,aaasasa,0.285714286,7,2
533,558,PS7244/PS5961,7/29/17,15,DL,sssssa2,0.714285714,6,5
534,559,PS7244/PS5689,7/29/17,15,DL,aaassa,0.333333333,6,2
535,560,PS7244/PS5689 (M),7/29/17,15,DL,ssssas,0.833333333,6,5
536,561,A-9-1-1,7/29/17,15,DL,aaaaaasaasssaaaas,0.294117647,17,5
537,562,A-9-1-1/PS5689,7/29/17,15,DL,aaasaaa,0.142857143,7,1
538,563,A-9-1-1/PS5689 (M),7/29/17,15,DL,sassass,0.714285714,7,5
539,571,A-6-2-1,7/29/17,15,DL,sasssssssassssssss,0.888888889,18,16
540,572,A-6-2-1/PS5970,7/29/17,15,DL,aaasaa3,0.142857143,6,1
541,573,A-6-2-1/PS5970 (M),7/29/17,15,DL,sssssssssa,0.9,10,9
542,574,A-6-2-1/PS5689,7/29/17,15,DL,asssssasassass,0.714285714,14,10
543,575,A-6-2-1/PS5689 (M),7/29/17,15,DL,ssssss,1,6,6
544,576,A-6-2-1/PS5961,7/29/17,15,DL,ssssssa,0.857142857,7,6
545,577,A-6-2-1/PS5961 (M),7/29/17,15,DL,aasssssss,0.777777778,9,7
546,578,PS7244,7/29/17,15,DL,saasaaasaaaa,0.25,12,3
547,579,A-7-3-3,7/29/17,15,DL,ssssssass,0.888888889,9,8
548,580,A-7-3-3/PS5970,7/29/17,15,DL,asaaasasaa,0.3,10,3
549,581,A-7-3-3/PS5970 (M),7/29/17,15,DL,sssssss,1,7,7
550,582,A-7-3-3/PS5961,7/29/17,15,DL,aaaasaaaaaa,0.090909091,11,1
551,583,A-7-3-3/PS5961 (M),7/29/17,15,DL,ssssssas,0.875,8,7
552,584,A-7-3-3/PS5689,7/29/17,15,DL,aaaaasaaa,0.111111111,9,1
553,585,A-7-3-3/PS5689 (M),7/29/17,15,DL,aaasass,0.428571429,7,3
554,586,PS7244,7/29/17,15,DL,aasaaaa,0.142857143,7,1
555,587,A-13-3c,7/29/17,15,DL,aaaaaasaasaas,0.230769231,13,3
556,588,A-13-3c/PS5970,7/29/17,15,DL,asaaaaa,0.142857143,7,1
557,589,A-13-3c/PS5970 (M),7/29/17,15,DL,ssssss,1,6,6
558,590,A-13-3c/PS5961,7/29/17,15,DL,aaaaaa,0,6,0
559,591,A-13-3c/PS5961 (M),7/29/17,15,DL,ssaaaas,0.428571429,7,3
560,592,A-13-3c/PS5689,7/29/17,15,DL,aaaassaas,0.333333333,9,3
561,593,A-13-3c/PS5689 (M),7/29/17,15,DL,asssass,0.714285714,7,5
562,594,PS7244,7/29/17,15,DL,saassaa,0.428571429,7,3
563,595,A-23-2-3,7/29/17,15,DL,aaaaaaaaaaaaa,0,13,0
564,596,A-23-2-3/PS5970,7/29/17,15,DL,aaaaaaaaaaaaaa,0,14,0
565,597,A-23-2-3/PS5970 (M),7/29/17,15,DL,aaaaa,0,5,0
566,598,A-23-2-3/PS5961,7/29/17,15,DL,aaaa,0,4,0
567,599,A-23-2-3/PS5961 (M),7/29/17,15,DL,aaaaa,0,5,0
568,600,A-23-2-3/PS5689,7/29/17,15,DL,aaaaaa,0,6,0
569,601,A-23-2-3/PS5689 (M),7/29/17,15,DL,aasa,0.25,4,1
570,602,A-35-2c,7/30/17,15,DL,sssssaasaass,0.666666667,12,8
571,603,A-35-2c/PS5689,7/30/17,15,DL,sassassa,0.625,8,5
572,604,A-35-2c/PS5689 (M),7/30/17,15,DL,sssssssssss,1,11,11
573,605,A-35-2c/PS5961,7/30/17,15,DL,asaasas,0.428571429,7,3
574,606,A-35-2c/PS5961 (M),7/30/17,15,DL,as,0.5,2,1
575,607,A-35-2c/PS5970,7/30/17,15,DL,aaaaaa,0,6,0
576,608,A-35-2c/PS5970 (M),7/30/17,15,DL,sssssasss,0.888888889,9,8
577,609,PS7244,7/30/17,15,DL,asssaaaaassaaaas,0.375,16,6
578,610,PS7244,7/30/17,15,DL,asaaaasaaa,0.2,10,2
579,611,A-34-1c,7/30/17,15,DL,ssssaaass,0.666666667,9,6
580,612,A-34-1c/PS5689,7/30/17,15,DL,asaasaa,0.285714286,7,2
581,613,A-34-1c/PS5689 (M),7/30/17,15,DL,ssssssa,0.857142857,7,6
582,614,A-34-1c/PS5961,7/30/17,15,DL,aaaaaaaaaas,0.090909091,11,1
583,615,A-34-1c/PS5961 (M),7/30/17,15,DL,ssssss,1,6,6
584,616,A-34-1c/PS5970,7/30/17,15,DL,aaaaaasa,0.125,8,1
585,617,A-34-1c/PS5970 (M),7/30/17,15,DL,ssaaassss,0.666666667,9,6
586,618,PS7244,7/30/17,30,DL,aaaaaaaaaa,0,10,0
587,619,A-14-2-2,7/30/17,30,DL,aasasaassasasa,0.428571429,14,6
588,620,A-14-2-2/PS5970,7/30/17,30,DL,aaaaaaaaaaaa,0,12,0
589,621,A-14-2-2/PS5970 (M),7/30/17,30,DL,sassss,0.833333333,6,5
590,622,A-14-2-2/PS5961,7/30/17,30,DL,aaaaaaaaaa,0,10,0
591,623,A-14-2-2/PS5961 (M),7/30/17,30,DL,assaasssasss,0.666666667,12,8
592,624,A-14-2-2/PS5689,7/30/17,30,DL,aaaaaaa,0,7,0
593,625,A-14-2-2/PS5689 (M),7/30/17,30,DL,ssssssssssss,1,12,12
594,626,PS7244,7/30/17,30,DL,sssaaaaaasaa,0.333333333,12,4
595,627,A-14-3-3/PS5970,7/30/17,30,DL,aaasaaa,0.142857143,7,1
596,628,A-14-3-3/PS5970 (M),7/30/17,30,DL,sassssass,0.777777778,9,7
597,629,A-14-3-3/PS5961,7/30/17,30,DL,aaasssas,0.5,8,4
598,630,A-14-3-3/PS5961 (M),7/30/17,30,DL,sasssssss,0.888888889,9,8
599,631,A-14-3-3/PS5689,7/30/17,30,DL,aaaaaaas,0.125,8,1
600,632,A-14-3-3/PS5689 (M),7/30/17,30,DL,sssssssaasss,0.833333333,12,10
601,633,A-17-1-3,7/31/17,15,DL,sasssssssaassaa,0.666666667,15,10
602,634,A-17-1-3/PS5970,7/31/17,15,DL,assaa,0.4,5,2
603,635,A-17-1-3/PS5970 (M),7/31/17,15,DL,sssss,1,5,5
604,636,A-17-1-3/PS5961,7/31/17,15,DL,assssa,0.666666667,6,4
605,637,A-17-1-3/PS5961 (M),7/31/17,15,DL,ssssss,1,6,6
606,638,A-17-1-3/PS5689,7/31/17,15,DL,asaassa,0.428571429,7,3
607,639,A-17-1-3/PS5689 (M),7/31/17,15,DL,ssss,1,4,4
608,640,A-19-1-3,8/4/17,15,DL,saaaaaaaaaa,0.090909091,11,1
609,641,A-19-1-3/PS5970,8/4/17,15,DL,aasassaaaaaaaas,0.266666667,15,4
610,642,A-19-1-3/PS5970 (M),8/4/17,15,DL,ssssss,1,6,6
611,650,A-23-2-3,8/4/17,15,DL,saaaaaaaaaaaaaaaaas,0.105263158,19,2
612,651,A-23-2-3/A-13-3c,8/4/17,15,DL,aaaaaaaaaaaa,0,12,0
613,652,A-23-2-3/A-13-3c (M),8/4/17,15,DL,aaaaaaaa,0,8,0
614,653,A-7-2-1,8/5/17,15,DL,sasaaaassaaa,0.333333333,12,4
615,654,A-7-2-1/PS5970,8/5/17,15,DL,aaasasa,0.285714286,7,2
616,655,A-7-2-1/PS5970 (M),8/5/17,15,DL,sssaasss,0.75,8,6
617,656,A-7-2-1/PS5961,8/5/17,15,DL,aaaaaa,0,6,0
618,657,A-7-2-1/PS5961 (M),8/5/17,15,DL,sssaa,0.6,5,3
619,658,A-7-2-1/PS5689,8/5/17,15,DL,aaasasaaaa,0.2,10,2
620,659,A-7-2-1/PS5689 (M),8/5/17,15,DL,ssass,0.8,5,4
621,660,A-12-1-1,8/5/17,15,DL,assaaasasasaaasaasasaaassa,0.384615385,26,10
622,661,A-14-2-2,8/5/17,15,DL,ssaaasaaa,0.333333333,9,3
623,662,A-14-2-2/A-12-1-1 (M),8/5/17,15,DL,asaaaaaa,0.125,8,1
624,663,A-14-2-2/A-12-1-1,8/5/17,15,DL,saaaassaa,0.333333333,9,3
625,664,A-14-3-3/A12-1-1,8/5/17,15,DL,aaaasaaaa,0.111111111,9,1
626,665,A-14-3-3/A12-1-1 (M),8/5/17,15,DL,assssass,0.75,8,6
627,673,A-12-1-1,8/8/17,15,DL,pump slow,0.111111111,1,1
628,687,A-7-3.3,7/21/17,15,DP,not scored- looked like no one pumping ,0.025641026,1,1
629,688,A-7-3.1,7/21/17,15,DP,aaaaaaaa,0,8,0
630,689,PS7244,7/22/17,15,DP,aaaaaaaaaaa,0,11,0
631,690,A-10-3a,7/22/17,15,DP,aaaaaaaaae,0,9,0
632,691,A-10-2a,7/22/17,15,DP,aaaaaa6,0,6,0
633,692,A-10-3b,7/22/17,15,DP,aaaasaaaa,0.111111111,9,1
634,693,A-35-2a,7/22/17,15,DP,aaaaaaaaaaaa,0,12,0
635,694,A-35-2b,7/22/17,15,DP,aaaaaaaaa,0,9,0
636,695,A-35-2c,7/22/17,15,DP,aaaaaaaaaaaaaaaaa,0,17,0
637,696,A-34-2b,7/22/17,15,DP,aaaaaaaaaaaa,0,12,0
638,697,A-34-1a,7/22/17,15,DP,aaaa,0,4,0
639,698,A-34-1c,7/22/17,15,DP,aaaaaaaaa,0,9,0
640,699,PS7244,7/22/17,15,DP,aaaaaaaaaa,0,10,0
641,700,A-13-3b,7/22/17,15,DP,ssassasassas,0.666666667,12,8
642,702,A-13-3c,7/22/17,15,DP,ASSASSSA,0.625,8,5
643,703,A-26-3a,7/22/17,15,DP,aaaaaaaaaaa,0,11,0
644,704,A-26-3c,7/22/17,15,DP,aaaaa,0,5,0
645,705,A-26-3b,7/22/17,15,DP,AAAAAAAA,0,8,0
646,706,A-23-2b,7/22/17,15,DP,saaasaas,0.375,8,3
647,707,A-23-2c,7/22/17,15,DP,aaasasssaass,0.5,12,6
648,708,A-23-2a,7/22/17,15,DP,aass,0.5,4,2
649,709,PS7244,7/22/17,30,DP,aaaaaa,0,6,0
650,710,A32-1b,7/22/17,30,DP,aaaaaaaaaaaaa,0,13,0
651,711,A-32-1a,7/22/17,30,DP,aaaaaaaaaaa,0,11,0
652,712,A-32-1c,7/22/17,30,DP,aaaaaaaaaaaaaa,0,14,0
653,713,PS7244,7/22/17,15,DP,aaaaaaaa,0,8,0
654,714,PS5961,7/22/17,15,DP,ssssssssss,1,10,10
655,715,A-6-2-1,7/22/17,15,DP,sssssssssss,1,11,11
656,716,A-24-2b,7/22/17,15,DP,aaaaaasaaaa,0.090909091,11,1
657,717,A-24-2a,7/22/17,15,DP,aaaaaaaaaaaaaaaaa,0,17,0
658,718,A-6-1a,7/22/17,15,DP,sssssssssss,1,11,11
659,719,A-6-2b,7/22/17,15,DP,aaaaaaaaaaaaa,0,13,0
660,720,A-6-2a,7/22/17,15,DP,sssssssss,1,9,9
661,727,PS7244,7/22/17,15,DP,aaaaaaaaaa,0,10,0
662,728,A-23-3-3,7/22/17,15,DP,aaaaaaa,0,7,0
663,729,A-23-2-3,7/22/17,15,DP,aasas,0.4,5,2
664,731,A-19-3-3,7/22/17,15,DP,sasaaaaasaaa,0.25,12,3
665,733,A-9-3-2,7/22/17,15,DP,aaaaaaaaa,0,9,0
666,734,A-3-1-1,7/22/17,15,DP,aaaaa,0,5,0
667,735,A-10-1-1,7/23/17,15,DP,aaaaaa,0,6,0
668,737,A-1-2-2,7/23/17,15,DP,aaaaaaaaaaa,0,11,0
669,738,A-5-3-1,7/23/17,15,DP,aaaaaaaa,0,8,0
670,740,A-12-1-2,7/23/17,15,DP,sssssasss,0.888888889,9,8
671,741,A-12-1-1,7/23/17,15,DP,aaaaaassasasssssss,0.555555556,18,10
672,742,A-23-2-1,7/23/17,15,DP,aasssss,0.714285714,7,5
673,746,PS7244/PS5970,7/23/17,15,DP,aaaaaaaaa,0,9,0
674,747,PS7244/+,7/23/17,15,DP,aaaaaaaaa,0,9,0
675,748,A9-1-1-1,7/23/17,15,DP,sssssssss,1,9,9
676,749,PS5970/A9-1-1-1,7/23/17,15,DP,aaaaaaa,0,7,0
677,752,PS5970,7/23/17,15,DP,aaaaaaaaa,0,9,0
678,753,A-1-2-1,7/23/17,15,DP,aaaaa,0,5,0
679,755,A-30-3c,7/23/17,15,DP,aaaaaa,0,6,0
680,756,PS7244,7/24/17,15,DP,aaaaaaaa,0,8,0
681,757,PS5869,7/24/17,15,DP,sssssssss,1,9,9
682,758,A-10-2c,7/24/17,15,DP,aaaaaa,0,6,0
683,759,A-30-3c,7/24/17,15,DP,aaaaaa,0,6,0
684,760,A-1-3A,7/24/17,15,DP,aaaa,0,4,0
685,761,A-17-1-2,7/24/17,15,DP,aassasaas,0.444444444,9,4
686,762,A-17-1-3,7/24/17,15,DP,sssssss,1,7,7
687,763,A-30-3a,7/24/17,15,DP,aaaaaaaaaaa,0,11,0
688,764,A-7-3-2,7/24/17,15,DP,aaaaa,0,5,0
689,765,A-7-2-1,7/24/17,30,DP,aaaaaa,0,6,0
690,766,A-31-3c,7/24/17,30,DP,aaaaaa,0,6,0
691,767,A-31-3a,7/24/17,30,DP,aaaa,0,4,0
692,768,A-7-1a,7/24/17,30,DP,aaaaa,0,5,0
693,769,A-31-3b,7/24/17,30,DP,aaaaaaa,0,7,0
694,770,PS7244,7/24/17,15,DP,aaaaaaa,0,7,0
695,771,A-15-3c,7/24/17,15,DP,aaaaaaa,0,7,0
696,772,A-15-3b,7/24/17,15,DP,aaaaaaa,0,7,0
697,773,A-21-2,7/24/17,15,DP,aaaaa,0,5,0
698,774,PS7244,7/29/17,30,DP,aaaaaaaaaa,0,10,0
699,775,A-3-2a/PS5689 (M),7/29/17,30,DP,assss,0.8,5,4
700,776,A-3-2a/PS5689 ,7/29/17,30,DP,ssssss,1,6,6
701,777,A-3-2a,7/29/17,30,DP,sssssssssss,1,11,11
702,778,A-3-2a/PS5970,7/29/17,30,DP,aaaaaaaaaaaaaaaaa,0,17,0
703,779,A-3-2a/PS5970 (M),7/29/17,30,DP,aaaa,0,4,0
704,780,A-3-2a/PS56961,7/29/17,30,DP,aaaaaa,0,6,0
705,781,A-3-2a/PS56961 (M),7/29/17,30,DP,aaaaa,0,5,0
706,782,PS7244/PS5961,7/29/17,30,DP,aaaaaa,0,6,0
707,783,PS7244/PS5689,7/29/17,30,DP,aaaaaa,0,6,0
708,784,PS7244/PS5689 (M),7/29/17,30,DP,a,0,1,0
709,785,PS7244,7/29/17,15,DP,aaaaaaaaaaaaa,0,13,0
710,786,PS7244/PS5961 (M),7/29/17,15,DP,aaaaaa,0,6,0
711,787,PS7244/PS5961,7/29/17,15,DP,aaaa,0,4,0
712,788,PS7244/PS5689,7/29/17,15,DP,aaaaaa,0,6,0
713,789,PS7244/PS5689 (M),7/29/17,15,DP,aaaaaa,0,6,0
714,790,A-9-1-1,7/29/17,15,DP,ssssssssss,1,10,10
715,791,A-9-1-1/PS5689,7/29/17,15,DP,aaaaa,0,5,0
716,792,A-9-1-1/PS5689 (M),7/29/17,15,DP,aaaaa,0,5,0
717,800,A-6-2-1,7/29/17,15,DP,ssssssssssss,1,12,12
718,801,A-6-2-1/PS5970,7/29/17,15,DP,aaaaaa,0,6,0
719,802,A-6-2-1/PS5970 (M),7/29/17,15,DP,aaaaaa,0,6,0
720,803,A-6-2-1/PS5689,7/29/17,15,DP,ssssssss,1,8,8
721,804,A-6-2-1/PS5689 (M),7/29/17,15,DP,ssssss,1,6,6
722,805,A-6-2-1/PS5961,7/29/17,15,DP,aaaaa,0,5,0
723,806,A-6-2-1/PS5961 (M),7/29/17,15,DP,aaaa,0,4,0
724,807,PS7244,7/29/17,15,DP,aaaaaaaaaa,0,10,0
725,808,A-7-3-3,7/29/17,15,DP,aaaaaaaa,0,8,0
726,809,A-7-3-3/PS5970,7/29/17,15,DP,aaaaaaaa,0,8,0
727,810,A-7-3-3/PS5970 (M),7/29/17,15,DP,aaaa,0,4,0
728,811,A-7-3-3/PS5961,7/29/17,15,DP,aaaaaaa,0,7,0
729,812,A-7-3-3/PS5961 (M),7/29/17,15,DP,aaaaaa,0,6,0
730,813,A-7-3-3/PS5689,7/29/17,15,DP,aaaaaaa,0,7,0
731,814,A-7-3-3/PS5689 (M),7/29/17,15,DP,aaaaaa,0,6,0
732,815,PS7244,7/29/17,15,DP,aaaaaaaaaa,0,10,0
733,816,A-13-3c,7/29/17,15,DP,ssssssssssss,1,12,12
734,817,A-13-3c/PS5970,7/29/17,15,DP,aaaaaaaaa,0,9,0
735,818,A-13-3c/PS5970 (M),7/29/17,15,DP,aaaa,0,4,0
736,819,A-13-3c/PS5961,7/29/17,15,DP,aaaaaaaaaaa,0,11,0
737,820,A-13-3c/PS5961 (M),7/29/17,15,DP,aaaaaa,0,6,0
738,821,A-13-3c/PS5689,7/29/17,15,DP,aaaaaaaaa,0,9,0
739,822,A-13-3c/PS5689 (M),7/29/17,15,DP,aaaaaaa,0,7,0
740,823,PS7244,7/29/17,15,DP,aaaaaa,0,6,0
741,824,A-23-2-3,7/29/17,15,DP,ssasssaasss,0.727272727,11,8
742,825,A-23-2-3/PS5970,7/29/17,15,DP,aaaaaaaa,0,8,0
743,826,A-23-2-3/PS5970 (M),7/29/17,15,DP,aaaaaa,0,6,0
744,827,A-23-2-3/PS5961,7/29/17,15,DP,aaaa,0,4,0
745,828,A-23-2-3/PS5961 (M),7/29/17,15,DP,aaaaa,0,5,0
746,829,A-23-2-3/PS5689,7/29/17,15,DP,aaaaaa,0,6,0
747,830,A-23-2-3/PS5689 (M),7/29/17,15,DP,aaaa,0,4,0
748,831,A-35-2c,7/30/17,15,DP,saaaaaaaa,0.111111111,9,1
749,832,A-35-2c/PS5689,7/30/17,15,DP,aaaaaa,0,6,0
750,833,A-35-2c/PS5689 (M),7/30/17,15,DP,aaaaaaaaa,0,9,0
751,834,A-35-2c/PS5961,7/30/17,15,DP,aaaaaa,0,6,0
752,835,A-35-2c/PS5961 (M),7/30/17,15,DP,aa,0,2,0
753,836,A-35-2c/PS5970,7/30/17,15,DP,aaaaaa,0,6,0
754,837,A-35-2c/PS5970 (M),7/30/17,15,DP,aaaaaa,0,6,0
755,838,PS7244,7/30/17,15,DP,aaaaaaaaaa,0,10,0
756,839,PS7244,7/30/17,15,DP,aaaaaaaaa,0,9,0
757,840,A-34-1c,7/30/17,15,DP,aaaaaaaaa,0,9,0
758,841,A-34-1c/PS5689,7/30/17,15,DP,aaaaaaaaaaa,0,11,0
759,842,A-34-1c/PS5689 (M),7/30/17,15,DP,aaaaaa,0,6,0
760,843,A-34-1c/PS5961,7/30/17,15,DP,aaaaa,0,5,0
761,844,A-34-1c/PS5961 (M),7/30/17,15,DP,aaaaaaa,0,7,0
762,845,A-34-1c/PS5970,7/30/17,15,DP,aaaaaaa,0,7,0
763,846,A-34-1c/PS5970 (M),7/30/17,15,DP,aaaaaa,0,6,0
764,847,PS7244,7/30/17,30,DP,aaaaaaaaaa,0,10,0
765,848,A-14-2-2,7/30/17,30,DP,ssssasssssss,0.916666667,12,11
766,849,A-14-2-2/PS5970,7/30/17,30,DP,aaaaaaaaa,0,9,0
767,850,A-14-2-2/PS5970 (M),7/30/17,30,DP,aaaaa,0,5,0
768,851,A-14-2-2/PS5961,7/30/17,30,DP,aaaaaaaaa,0,9,0
769,852,A-14-2-2/PS5961 (M),7/30/17,30,DP,aaaaaaaa,0,8,0
770,853,A-14-2-2/PS5689,7/30/17,30,DP,aaaaaaaaa,0,9,0
771,854,A-14-2-2/PS5689 (M),7/30/17,30,DP,aaaaaaaaaa,0,10,0
772,855,PS7244,7/30/17,30,DP,aaaaaaaaaaa,0,11,0
773,856,A-14-3-3/PS5970,7/30/17,30,DP,aaaaaaaaa,0,9,0
774,857,A-14-3-3/PS5970 (M),7/30/17,30,DP,aaaaaaaaa,0,9,0
775,858,A-14-3-3/PS5961,7/30/17,30,DP,aaaaaa,0,6,0
776,859,A-14-3-3/PS5961 (M),7/30/17,30,DP,aaaaaa,0,6,0
777,860,A-14-3-3/PS5689,7/30/17,30,DP,aaaaaaaaaa,0,10,0
778,861,A-14-3-3/PS5689 (M),7/30/17,30,DP,aaaaaaaaaa,0,10,0
779,862,A-17-1-3,7/31/17,15,DP,aasasssssssa,0.666666667,12,8
780,863,A-17-1-3/PS5970,7/31/17,15,DP,aaaaa,0,5,0
781,864,A-17-1-3/PS5970 (M),7/31/17,15,DP,aaaaaa,0,6,0
782,865,A-17-1-3/PS5961,7/31/17,15,DP,aaaaa,0,5,0
783,866,A-17-1-3/PS5961 (M),7/31/17,15,DP,aaaa,0,4,0
784,867,A-17-1-3/PS5689,7/31/17,15,DP,aaaaa,0,5,0
785,868,A-17-1-3/PS5689 (M),7/31/17,15,DP,aaaaaaa,0,7,0
786,869,A-19-1-3,8/4/17,15,DP,ssssaaaa,0.5,8,4
787,870,A-19-1-3/PS5970,8/4/17,15,DP,aaaaaaaaaaaaaas,0.066666667,15,1
788,871,A-19-1-3/PS5970 (M),8/4/17,15,DP,aaaaaaaa,0,8,0
789,879,A-23-2-3,8/4/17,15,DP,saasasassasaasaaa,0.411764706,17,7
790,882,A-7-2-1,8/5/17,15,DP,assssasasasssa,0.642857143,14,9
791,883,A-7-2-1/PS5970,8/5/17,15,DP,aaaaaaaa,0,8,0
792,884,A-7-2-1/PS5970 (M),8/5/17,15,DP,aaaaa,0,5,0
793,885,A-7-2-1/PS5961,8/5/17,15,DP,aaaaa,0,5,0
794,886,A-7-2-1/PS5961 (M),8/5/17,15,DP,aaaaa,0,5,0
795,887,A-7-2-1/PS5689,8/5/17,15,DP,assaasa,0.428571429,7,3
796,888,A-7-2-1/PS5689 (M),8/5/17,15,DP,aaasaaaaa,0.111111111,9,1
797,889,A-12-1-1,8/5/17,15,DP,aaaaaaaaaaaa,0,12,0
798,890,A-14-2-2,8/5/17,15,DP,sssssssss,1,9,9
799,891,A-14-2-2/A-12-1-1 (M),8/5/17,15,DP,aaaaAaaa,0,8,0
800,892,A-14-2-2/A-12-1-1,8/5/17,15,DP,aaAAaaa,0,7,0
801,893,A-14-3-3/A12-1-1,8/5/17,15,DP,aaaaaaaaaaaaa,0,13,0
802,894,A-14-3-3/A12-1-1 (M),8/5/17,15,DP,aaaaa,0,5,0